{"cameraMode":{"drawMode":0,"name":"Shaded","section":"Shading Mode"},"sceneLighting":false,"audioPlay":false,"sceneViewState":{"m_AlwaysRefresh":false,"showFog":true,"showSkybox":false,"showFlares":true,"showImageEffects":true,"showParticleSystems":true,"showVisualEffectGraphs":true,"m_FxEnabled":true},"in2DMode":false,"pivot":{"x":58.836700439453128,"y":0.20846545696258546,"z":58.61578369140625},"rotation":{"x":-0.19793610274791718,"y":0.5977340340614319,"z":-0.1554242968559265,"w":-0.7611850500106812},"size":2.9641923904418947,"orthographic":true}